{
  "v": "5.0.1",
  "fr": 30,
  "ip": 0,
  "op": 123.99,
  "w": 500,
  "h": 500,
  "ddd": 0,
  "assets": [],
  "layers": [
    {
      "ind": 1,
      "nm": "Layer 1",
      "ks": {
        "p": { "a": 0, "k": [250.243, 249.351] },
        "a": { "a": 0, "k": [26.383, -70.393, 0] },
        "s": {
          "a": 1,
          "k": [
            {
              "t": 31,
              "s": [250, 250, 100],
              "i": { "x": [1], "y": [1] },
              "o": { "x": [0.42], "y": [0] },
              "e": [260, 260, 100]
            },
            {
              "t": 35,
              "s": [260, 260, 100],
              "i": { "x": [0.833], "y": [0.833] },
              "o": { "x": [0.167], "y": [0.167] },
              "e": [250, 250, 100]
            },
            {
              "t": 40,
              "s": [250, 250, 100],
              "i": { "x": [1], "y": [1] },
              "o": { "x": [0.42], "y": [0] },
              "e": [260, 260, 100]
            },
            {
              "t": 44,
              "s": [260, 260, 100],
              "i": { "x": [1], "y": [1] },
              "o": { "x": [0.42], "y": [0] },
              "e": [250, 250, 100]
            },
            {
              "t": 49,
              "s": [250, 250, 100],
              "i": { "x": [0.833], "y": [0.833] },
              "o": { "x": [0.167], "y": [0.167] },
              "e": [250, 250, 100]
            },
            {
              "t": 55,
              "s": [250, 250, 100],
              "i": { "x": [1], "y": [1] },
              "o": { "x": [0.42], "y": [0] },
              "e": [260, 260, 100]
            },
            {
              "t": 59,
              "s": [260, 260, 100],
              "i": { "x": [0.833], "y": [0.833] },
              "o": { "x": [0.167], "y": [0.167] },
              "e": [250, 250, 100]
            },
            {
              "t": 64,
              "s": [250, 250, 100],
              "i": { "x": [1], "y": [1] },
              "o": { "x": [0.42], "y": [0] },
              "e": [260, 260, 100]
            },
            {
              "t": 68,
              "s": [260, 260, 100],
              "i": { "x": [1], "y": [1] },
              "o": { "x": [0.42], "y": [0] },
              "e": [250, 250, 100]
            },
            { "t": 73, "s": [250, 250, 100] }
          ]
        },
        "r": { "a": 0, "k": 0 },
        "o": {
          "a": 1,
          "k": [
            {
              "t": 0,
              "s": [0],
              "i": { "x": [0.58], "y": [1] },
              "o": { "x": [0], "y": [0] },
              "e": [100]
            },
            {
              "t": 15,
              "s": [100],
              "i": { "x": [0.833], "y": [0.833] },
              "o": { "x": [0.167], "y": [0.167] },
              "e": [100]
            },
            {
              "t": 87,
              "s": [100],
              "i": { "x": [1], "y": [1] },
              "o": { "x": [0.42], "y": [0] },
              "e": [0]
            },
            { "t": 104, "s": [0] }
          ]
        }
      },
      "ao": 0,
      "ip": 0,
      "op": 123.99,
      "st": 0,
      "bm": 0,
      "sr": 1,
      "ty": 4,
      "shapes": [
        {
          "ty": "gr",
          "it": [
            {
              "ty": "sh",
              "d": 1,
              "ks": {
                "a": 0,
                "k": {
                  "i": [
                    [0, 0],
                    [-5, 19.5],
                    [11.068, 7.894],
                    [-2.684, -16.349],
                    [-33, 15],
                    [0, -36.5],
                    [29.41, 23.758],
                    [-15.122, 21.936],
                    [6, -27.5],
                    [-20.042, -9.053],
                    [32.281, -14.195]
                  ],
                  "o": [
                    [17.257, 12.145],
                    [2, -18.5],
                    [-47.449, -31.605],
                    [3.136, 19.101],
                    [34.776, -15.807],
                    [-3.958, 31.477],
                    [-26.404, -21.411],
                    [18.5, -20],
                    [6.967, -18.74],
                    [20.5, 12],
                    [0, 0]
                  ],
                  "v": [
                    [0, 0],
                    [40, -9.5],
                    [20, -45],
                    [-45, -43],
                    [26, -47],
                    [98, -43],
                    [4, -74],
                    [-14.5, -139],
                    [30, -117],
                    [67, -139],
                    [40, -74]
                  ],
                  "c": false
                },
                "hd": false
              }
            },
            {
              "ty": "st",
              "c": { "a": 0, "k": [0.745, 0.141, 0.141, 1] },
              "o": { "a": 0, "k": 100 },
              "w": { "a": 0, "k": 6 },
              "lc": 2,
              "lj": 2,
              "ml": 4,
              "d": [
                { "n": "d", "nm": "dash", "v": { "a": 0, "k": 732.93 } },
                { "n": "g", "nm": "gap", "v": { "a": 0, "k": 732.93 } },
                {
                  "n": "o",
                  "nm": "offset",
                  "v": {
                    "a": 1,
                    "k": [
                      {
                        "t": 0,
                        "s": [732.93],
                        "i": { "x": [0.58], "y": [1] },
                        "o": { "x": [0], "y": [0] },
                        "e": [0]
                      },
                      {
                        "t": 30,
                        "s": [0],
                        "i": { "x": [0.833], "y": [0.833] },
                        "o": { "x": [0.167], "y": [0.167] },
                        "e": [0]
                      },
                      {
                        "t": 74,
                        "s": [0],
                        "i": { "x": [1], "y": [1] },
                        "o": { "x": [0.42], "y": [0] },
                        "e": [-732.93]
                      },
                      { "t": 104, "s": [-732.93] }
                    ]
                  }
                }
              ]
            },
            {
              "ty": "tr",
              "p": { "a": 0, "k": [0, 0] },
              "a": { "a": 0, "k": [0, 0] },
              "s": { "a": 0, "k": [100, 100] },
              "r": { "a": 0, "k": 0 },
              "o": { "a": 0, "k": 100 },
              "sk": { "a": 0, "k": 0 },
              "sa": { "a": 0, "k": 0 }
            }
          ],
          "nm": "Object",
          "hd": false
        }
      ]
    }
  ],
  "markers": []
}
