{
  "v": "5.5.7",
  "fr": 29.9700012207031,
  "ip": 0,
  "op": 60.0000024438501,
  "w": 65,
  "h": 65,
  "nm": "Music Wave",
  "ddd": 0,
  "assets": [
    {
      "id": "comp_0",
      "layers": [
        {
          "ddd": 0,
          "ind": 1,
          "ty": 4,
          "nm": "Shape Layer 5",
          "td": 1,
          "sr": 1,
          "ks": {
            "o": { "a": 0, "k": 100, "ix": 11 },
            "r": { "a": 0, "k": 0, "ix": 10 },
            "p": { "a": 0, "k": [7.375, 80.209, 0], "ix": 2 },
            "a": { "a": 0, "k": [-17, 18.25, 0], "ix": 1 },
            "s": { "a": 0, "k": [100, 100, 100], "ix": 6 }
          },
          "ao": 0,
          "shapes": [
            {
              "ty": "gr",
              "it": [
                {
                  "ty": "rc",
                  "d": 1,
                  "s": { "a": 0, "k": [9.5, 55], "ix": 2 },
                  "p": { "a": 0, "k": [0, -10.396], "ix": 3 },
                  "r": { "a": 0, "k": 114, "ix": 4 },
                  "nm": "Rectangle Path 1",
                  "mn": "ADBE Vector Shape - Rect",
                  "hd": false
                },
                {
                  "ty": "fl",
                  "c": { "a": 0, "k": [1, 1, 1, 1], "ix": 4 },
                  "o": { "a": 0, "k": 100, "ix": 5 },
                  "r": 1,
                  "bm": 0,
                  "nm": "Fill 1",
                  "mn": "ADBE Vector Graphic - Fill",
                  "hd": false
                },
                {
                  "ty": "tr",
                  "p": { "a": 0, "k": [-17, -0.25], "ix": 2 },
                  "a": { "a": 0, "k": [0, 17.938], "ix": 1 },
                  "s": { "a": 0, "k": [100, 100], "ix": 3 },
                  "r": { "a": 0, "k": 0, "ix": 6 },
                  "o": { "a": 0, "k": 100, "ix": 7 },
                  "sk": { "a": 0, "k": 0, "ix": 4 },
                  "sa": { "a": 0, "k": 0, "ix": 5 },
                  "nm": "Transform"
                }
              ],
              "nm": "Rectangle 1",
              "np": 3,
              "cix": 2,
              "bm": 0,
              "ix": 1,
              "mn": "ADBE Vector Group",
              "hd": false
            }
          ],
          "ip": 0,
          "op": 60.0000024438501,
          "st": 0,
          "bm": 0
        },
        {
          "ddd": 0,
          "ind": 2,
          "ty": 4,
          "nm": "Shape Layer 4",
          "tt": 2,
          "sr": 1,
          "ks": {
            "o": { "a": 0, "k": 100, "ix": 11 },
            "r": { "a": 0, "k": 0, "ix": 10 },
            "p": { "a": 0, "k": [52.375, 38.813, 0], "ix": 2 },
            "a": { "a": 0, "k": [-17, 18.25, 0], "ix": 1 },
            "s": { "a": 0, "k": [100, 100, 100], "ix": 6 }
          },
          "ao": 0,
          "shapes": [
            {
              "ty": "gr",
              "it": [
                {
                  "ty": "rc",
                  "d": 1,
                  "s": { "a": 0, "k": [9.5, 60], "ix": 2 },
                  "p": { "a": 0, "k": [0, 0], "ix": 3 },
                  "r": { "a": 0, "k": 20, "ix": 4 },
                  "nm": "Rectangle Path 1",
                  "mn": "ADBE Vector Shape - Rect",
                  "hd": false
                },
                {
                  "ty": "fl",
                  "c": { "a": 0, "k": [1, 1, 1, 1], "ix": 4 },
                  "o": { "a": 0, "k": 100, "ix": 5 },
                  "r": 1,
                  "bm": 0,
                  "nm": "Fill 1",
                  "mn": "ADBE Vector Graphic - Fill",
                  "hd": false
                },
                {
                  "ty": "tr",
                  "p": { "a": 0, "k": [-17, 11.313], "ix": 2 },
                  "a": { "a": 0, "k": [0, 0], "ix": 1 },
                  "s": { "a": 0, "k": [100, 100], "ix": 3 },
                  "r": { "a": 0, "k": 0, "ix": 6 },
                  "o": { "a": 0, "k": 100, "ix": 7 },
                  "sk": { "a": 0, "k": 0, "ix": 4 },
                  "sa": { "a": 0, "k": 0, "ix": 5 },
                  "nm": "Transform"
                }
              ],
              "nm": "Rectangle 1",
              "np": 3,
              "cix": 2,
              "bm": 0,
              "ix": 1,
              "mn": "ADBE Vector Group",
              "hd": false
            }
          ],
          "ip": 0,
          "op": 60.0000024438501,
          "st": 0,
          "bm": 0
        },
        {
          "ddd": 0,
          "ind": 3,
          "ty": 4,
          "nm": "Shape Layer 3",
          "sr": 1,
          "ks": {
            "o": { "a": 0, "k": 100, "ix": 11 },
            "r": { "a": 0, "k": 0, "ix": 10 },
            "p": { "a": 0, "k": [37.375, 49.813, 0], "ix": 2 },
            "a": { "a": 0, "k": [-17, 18.25, 0], "ix": 1 },
            "s": { "a": 0, "k": [100, 100, 100], "ix": 6 }
          },
          "ao": 0,
          "shapes": [
            {
              "ty": "gr",
              "it": [
                {
                  "ty": "rc",
                  "d": 1,
                  "s": { "a": 0, "k": [9.5, 60], "ix": 2 },
                  "p": { "a": 0, "k": [0, 0], "ix": 3 },
                  "r": { "a": 0, "k": 20, "ix": 4 },
                  "nm": "Rectangle Path 1",
                  "mn": "ADBE Vector Shape - Rect",
                  "hd": false
                },
                {
                  "ty": "fl",
                  "c": { "a": 0, "k": [1, 1, 1, 1], "ix": 4 },
                  "o": { "a": 0, "k": 100, "ix": 5 },
                  "r": 1,
                  "bm": 0,
                  "nm": "Fill 1",
                  "mn": "ADBE Vector Graphic - Fill",
                  "hd": false
                },
                {
                  "ty": "tr",
                  "p": { "a": 0, "k": [-17, 0.313], "ix": 2 },
                  "a": { "a": 0, "k": [0, 0], "ix": 1 },
                  "s": { "a": 0, "k": [100, 100], "ix": 3 },
                  "r": { "a": 0, "k": 0, "ix": 6 },
                  "o": { "a": 0, "k": 100, "ix": 7 },
                  "sk": { "a": 0, "k": 0, "ix": 4 },
                  "sa": { "a": 0, "k": 0, "ix": 5 },
                  "nm": "Transform"
                }
              ],
              "nm": "Rectangle 1",
              "np": 3,
              "cix": 2,
              "bm": 0,
              "ix": 1,
              "mn": "ADBE Vector Group",
              "hd": false
            }
          ],
          "ip": 0,
          "op": 60.0000024438501,
          "st": 0,
          "bm": 0
        },
        {
          "ddd": 0,
          "ind": 4,
          "ty": 4,
          "nm": "Shape Layer 2",
          "sr": 1,
          "ks": {
            "o": { "a": 0, "k": 100, "ix": 11 },
            "r": { "a": 0, "k": 0, "ix": 10 },
            "p": { "a": 0, "k": [22.375, 58.188, 0], "ix": 2 },
            "a": { "a": 0, "k": [-17, 18.25, 0], "ix": 1 },
            "s": { "a": 0, "k": [100, 100, 100], "ix": 6 }
          },
          "ao": 0,
          "shapes": [
            {
              "ty": "gr",
              "it": [
                {
                  "ty": "rc",
                  "d": 1,
                  "s": { "a": 0, "k": [9.5, 60], "ix": 2 },
                  "p": { "a": 0, "k": [0, 0], "ix": 3 },
                  "r": { "a": 0, "k": 20, "ix": 4 },
                  "nm": "Rectangle Path 1",
                  "mn": "ADBE Vector Shape - Rect",
                  "hd": false
                },
                {
                  "ty": "fl",
                  "c": { "a": 0, "k": [1, 1, 1, 1], "ix": 4 },
                  "o": { "a": 0, "k": 100, "ix": 5 },
                  "r": 1,
                  "bm": 0,
                  "nm": "Fill 1",
                  "mn": "ADBE Vector Graphic - Fill",
                  "hd": false
                },
                {
                  "ty": "tr",
                  "p": { "a": 0, "k": [-17, -8.062], "ix": 2 },
                  "a": { "a": 0, "k": [0, 0], "ix": 1 },
                  "s": { "a": 0, "k": [100, 100], "ix": 3 },
                  "r": { "a": 0, "k": 0, "ix": 6 },
                  "o": { "a": 0, "k": 100, "ix": 7 },
                  "sk": { "a": 0, "k": 0, "ix": 4 },
                  "sa": { "a": 0, "k": 0, "ix": 5 },
                  "nm": "Transform"
                }
              ],
              "nm": "Rectangle 1",
              "np": 3,
              "cix": 2,
              "bm": 0,
              "ix": 1,
              "mn": "ADBE Vector Group",
              "hd": false
            }
          ],
          "ip": 0,
          "op": 60.0000024438501,
          "st": 0,
          "bm": 0
        },
        {
          "ddd": 0,
          "ind": 5,
          "ty": 4,
          "nm": "Shape Layer 1",
          "sr": 1,
          "ks": {
            "o": { "a": 0, "k": 100, "ix": 11 },
            "r": { "a": 0, "k": 0, "ix": 10 },
            "p": { "a": 0, "k": [7.375, 78.709, 0], "ix": 2 },
            "a": { "a": 0, "k": [-17, 18.25, 0], "ix": 1 },
            "s": { "a": 0, "k": [100, 100, 100], "ix": 6 }
          },
          "ao": 0,
          "shapes": [
            {
              "ty": "gr",
              "it": [
                {
                  "ty": "rc",
                  "d": 1,
                  "s": { "a": 0, "k": [9.5, 60], "ix": 2 },
                  "p": { "a": 0, "k": [0, -10.396], "ix": 3 },
                  "r": { "a": 0, "k": 114, "ix": 4 },
                  "nm": "Rectangle Path 1",
                  "mn": "ADBE Vector Shape - Rect",
                  "hd": false
                },
                {
                  "ty": "fl",
                  "c": { "a": 0, "k": [1, 1, 1, 1], "ix": 4 },
                  "o": { "a": 0, "k": 100, "ix": 5 },
                  "r": 1,
                  "bm": 0,
                  "nm": "Fill 1",
                  "mn": "ADBE Vector Graphic - Fill",
                  "hd": false
                },
                {
                  "ty": "tr",
                  "p": { "a": 0, "k": [-17, -0.25], "ix": 2 },
                  "a": { "a": 0, "k": [0, 17.938], "ix": 1 },
                  "s": { "a": 0, "k": [100, 100], "ix": 3 },
                  "r": { "a": 0, "k": 0, "ix": 6 },
                  "o": { "a": 0, "k": 100, "ix": 7 },
                  "sk": { "a": 0, "k": 0, "ix": 4 },
                  "sa": { "a": 0, "k": 0, "ix": 5 },
                  "nm": "Transform"
                }
              ],
              "nm": "Rectangle 1",
              "np": 3,
              "cix": 2,
              "bm": 0,
              "ix": 1,
              "mn": "ADBE Vector Group",
              "hd": false
            }
          ],
          "ip": 0,
          "op": 60.0000024438501,
          "st": 0,
          "bm": 0
        }
      ]
    },
    {
      "id": "comp_1",
      "layers": [
        {
          "ddd": 0,
          "ind": 1,
          "ty": 4,
          "nm": "Shape Layer 4",
          "sr": 1,
          "ks": {
            "o": { "a": 0, "k": 100, "ix": 11 },
            "r": { "a": 0, "k": 0, "ix": 10 },
            "p": { "a": 0, "k": [52.375, 67.813, 0], "ix": 2 },
            "a": { "a": 0, "k": [-17, 18.25, 0], "ix": 1 },
            "s": { "a": 0, "k": [100, 100, 100], "ix": 6 }
          },
          "ao": 0,
          "shapes": [
            {
              "ty": "gr",
              "it": [
                {
                  "ty": "rc",
                  "d": 1,
                  "s": {
                    "a": 1,
                    "k": [
                      {
                        "i": { "x": [0.833, 0.833], "y": [0.833, 0.833] },
                        "o": { "x": [0.167, 0.167], "y": [0.167, 0.167] },
                        "t": 0,
                        "s": [9.5, 60]
                      },
                      {
                        "i": { "x": [0.833, 0.833], "y": [0.833, 0.833] },
                        "o": { "x": [0.167, 0.167], "y": [0.167, 0.167] },
                        "t": 5,
                        "s": [9.5, 80]
                      },
                      {
                        "i": { "x": [0.833, 0.833], "y": [0.833, 0.833] },
                        "o": { "x": [0.167, 0.167], "y": [0.167, 0.167] },
                        "t": 10,
                        "s": [9.5, 100]
                      },
                      {
                        "i": { "x": [0.833, 0.833], "y": [0.833, 0.833] },
                        "o": { "x": [0.167, 0.167], "y": [0.167, 0.167] },
                        "t": 15,
                        "s": [9.5, 120]
                      },
                      {
                        "i": { "x": [0.833, 0.833], "y": [0.833, 0.833] },
                        "o": { "x": [0.167, 0.167], "y": [0.167, 0.167] },
                        "t": 20,
                        "s": [9.5, 100]
                      },
                      {
                        "i": { "x": [0.833, 0.833], "y": [0.833, 0.833] },
                        "o": { "x": [0.167, 0.167], "y": [0.167, 0.167] },
                        "t": 25,
                        "s": [9.5, 80]
                      },
                      {
                        "i": { "x": [0.833, 0.833], "y": [0.833, 0.833] },
                        "o": { "x": [0.167, 0.167], "y": [0.167, 0.167] },
                        "t": 30,
                        "s": [9.5, 60]
                      },
                      {
                        "i": { "x": [0.833, 0.833], "y": [0.833, 0.833] },
                        "o": { "x": [0.167, 0.167], "y": [0.167, 0.167] },
                        "t": 35,
                        "s": [9.5, 80]
                      },
                      {
                        "i": { "x": [0.833, 0.833], "y": [0.833, 0.833] },
                        "o": { "x": [0.167, 0.167], "y": [0.167, 0.167] },
                        "t": 40,
                        "s": [9.5, 100]
                      },
                      {
                        "i": { "x": [0.833, 0.833], "y": [0.833, 0.833] },
                        "o": { "x": [0.167, 0.167], "y": [0.167, 0.167] },
                        "t": 45,
                        "s": [9.5, 120]
                      },
                      {
                        "i": { "x": [0.833, 0.833], "y": [0.833, 0.833] },
                        "o": { "x": [0.167, 0.167], "y": [0.167, 0.167] },
                        "t": 50,
                        "s": [9.5, 100]
                      },
                      {
                        "i": { "x": [0.833, 0.833], "y": [0.833, 0.833] },
                        "o": { "x": [0.167, 0.167], "y": [0.167, 0.167] },
                        "t": 55,
                        "s": [9.5, 80]
                      },
                      { "t": 60.0000024438501, "s": [9.5, 60] }
                    ],
                    "ix": 2
                  },
                  "p": { "a": 0, "k": [0, 0], "ix": 3 },
                  "r": { "a": 0, "k": 20, "ix": 4 },
                  "nm": "Rectangle Path 1",
                  "mn": "ADBE Vector Shape - Rect",
                  "hd": false
                },
                {
                  "ty": "fl",
                  "c": { "a": 0, "k": [1, 1, 1, 1], "ix": 4 },
                  "o": { "a": 0, "k": 100, "ix": 5 },
                  "r": 1,
                  "bm": 0,
                  "nm": "Fill 1",
                  "mn": "ADBE Vector Graphic - Fill",
                  "hd": false
                },
                {
                  "ty": "tr",
                  "p": { "a": 0, "k": [-17, 11.313], "ix": 2 },
                  "a": { "a": 0, "k": [0, 0], "ix": 1 },
                  "s": { "a": 0, "k": [100, 100], "ix": 3 },
                  "r": { "a": 0, "k": 0, "ix": 6 },
                  "o": { "a": 0, "k": 100, "ix": 7 },
                  "sk": { "a": 0, "k": 0, "ix": 4 },
                  "sa": { "a": 0, "k": 0, "ix": 5 },
                  "nm": "Transform"
                }
              ],
              "nm": "Rectangle 1",
              "np": 3,
              "cix": 2,
              "bm": 0,
              "ix": 1,
              "mn": "ADBE Vector Group",
              "hd": false
            }
          ],
          "ip": 0,
          "op": 60.0000024438501,
          "st": 0,
          "bm": 0
        },
        {
          "ddd": 0,
          "ind": 2,
          "ty": 4,
          "nm": "Shape Layer 3",
          "sr": 1,
          "ks": {
            "o": { "a": 0, "k": 100, "ix": 11 },
            "r": { "a": 0, "k": 0, "ix": 10 },
            "p": { "a": 0, "k": [37.375, 78.813, 0], "ix": 2 },
            "a": { "a": 0, "k": [-17, 18.25, 0], "ix": 1 },
            "s": { "a": 0, "k": [100, 100, 100], "ix": 6 }
          },
          "ao": 0,
          "shapes": [
            {
              "ty": "gr",
              "it": [
                {
                  "ty": "rc",
                  "d": 1,
                  "s": {
                    "a": 1,
                    "k": [
                      {
                        "i": { "x": [0.833, 0.833], "y": [0.833, 0.833] },
                        "o": { "x": [0.167, 0.167], "y": [0.167, 0.167] },
                        "t": 0,
                        "s": [9.5, 100]
                      },
                      {
                        "i": { "x": [0.833, 0.833], "y": [0.833, 0.833] },
                        "o": { "x": [0.167, 0.167], "y": [0.167, 0.167] },
                        "t": 5,
                        "s": [9.5, 80]
                      },
                      {
                        "i": { "x": [0.833, 0.833], "y": [0.833, 0.833] },
                        "o": { "x": [0.167, 0.167], "y": [0.167, 0.167] },
                        "t": 10,
                        "s": [9.5, 60]
                      },
                      {
                        "i": { "x": [0.833, 0.833], "y": [0.833, 0.833] },
                        "o": { "x": [0.167, 0.167], "y": [0.167, 0.167] },
                        "t": 15,
                        "s": [9.5, 40]
                      },
                      {
                        "i": { "x": [0.833, 0.833], "y": [0.833, 0.833] },
                        "o": { "x": [0.167, 0.167], "y": [0.167, 0.167] },
                        "t": 20,
                        "s": [9.5, 60]
                      },
                      {
                        "i": { "x": [0.833, 0.833], "y": [0.833, 0.833] },
                        "o": { "x": [0.167, 0.167], "y": [0.167, 0.167] },
                        "t": 25,
                        "s": [9.5, 80]
                      },
                      {
                        "i": { "x": [0.833, 0.833], "y": [0.833, 0.833] },
                        "o": { "x": [0.167, 0.167], "y": [0.167, 0.167] },
                        "t": 30,
                        "s": [9.5, 100]
                      },
                      {
                        "i": { "x": [0.833, 0.833], "y": [0.833, 0.833] },
                        "o": { "x": [0.167, 0.167], "y": [0.167, 0.167] },
                        "t": 35,
                        "s": [9.5, 80]
                      },
                      {
                        "i": { "x": [0.833, 0.833], "y": [0.833, 0.833] },
                        "o": { "x": [0.167, 0.167], "y": [0.167, 0.167] },
                        "t": 40,
                        "s": [9.5, 60]
                      },
                      {
                        "i": { "x": [0.833, 0.833], "y": [0.833, 0.833] },
                        "o": { "x": [0.167, 0.167], "y": [0.167, 0.167] },
                        "t": 45,
                        "s": [9.5, 40]
                      },
                      {
                        "i": { "x": [0.833, 0.833], "y": [0.833, 0.833] },
                        "o": { "x": [0.167, 0.167], "y": [0.167, 0.167] },
                        "t": 50,
                        "s": [9.5, 60]
                      },
                      {
                        "i": { "x": [0.833, 0.833], "y": [0.833, 0.833] },
                        "o": { "x": [0.167, 0.167], "y": [0.167, 0.167] },
                        "t": 55,
                        "s": [9.5, 80]
                      },
                      { "t": 60.0000024438501, "s": [9.5, 100] }
                    ],
                    "ix": 2
                  },
                  "p": { "a": 0, "k": [0, 0], "ix": 3 },
                  "r": { "a": 0, "k": 20, "ix": 4 },
                  "nm": "Rectangle Path 1",
                  "mn": "ADBE Vector Shape - Rect",
                  "hd": false
                },
                {
                  "ty": "fl",
                  "c": { "a": 0, "k": [1, 1, 1, 1], "ix": 4 },
                  "o": { "a": 0, "k": 100, "ix": 5 },
                  "r": 1,
                  "bm": 0,
                  "nm": "Fill 1",
                  "mn": "ADBE Vector Graphic - Fill",
                  "hd": false
                },
                {
                  "ty": "tr",
                  "p": { "a": 0, "k": [-17, 0.313], "ix": 2 },
                  "a": { "a": 0, "k": [0, 0], "ix": 1 },
                  "s": { "a": 0, "k": [100, 100], "ix": 3 },
                  "r": { "a": 0, "k": 0, "ix": 6 },
                  "o": { "a": 0, "k": 100, "ix": 7 },
                  "sk": { "a": 0, "k": 0, "ix": 4 },
                  "sa": { "a": 0, "k": 0, "ix": 5 },
                  "nm": "Transform"
                }
              ],
              "nm": "Rectangle 1",
              "np": 3,
              "cix": 2,
              "bm": 0,
              "ix": 1,
              "mn": "ADBE Vector Group",
              "hd": false
            }
          ],
          "ip": 0,
          "op": 60.0000024438501,
          "st": 0,
          "bm": 0
        },
        {
          "ddd": 0,
          "ind": 3,
          "ty": 4,
          "nm": "Shape Layer 2",
          "sr": 1,
          "ks": {
            "o": { "a": 0, "k": 100, "ix": 11 },
            "r": { "a": 0, "k": 0, "ix": 10 },
            "p": { "a": 0, "k": [22.375, 87.188, 0], "ix": 2 },
            "a": { "a": 0, "k": [-17, 18.25, 0], "ix": 1 },
            "s": { "a": 0, "k": [100, 100, 100], "ix": 6 }
          },
          "ao": 0,
          "shapes": [
            {
              "ty": "gr",
              "it": [
                {
                  "ty": "rc",
                  "d": 1,
                  "s": {
                    "a": 1,
                    "k": [
                      {
                        "i": { "x": [0.833, 0.833], "y": [0.833, 0.833] },
                        "o": { "x": [0.167, 0.167], "y": [0.167, 0.167] },
                        "t": 0,
                        "s": [9.5, 40]
                      },
                      {
                        "i": { "x": [0.833, 0.833], "y": [0.833, 0.833] },
                        "o": { "x": [0.167, 0.167], "y": [0.167, 0.167] },
                        "t": 5,
                        "s": [9.5, 60]
                      },
                      {
                        "i": { "x": [0.833, 0.833], "y": [0.833, 0.833] },
                        "o": { "x": [0.167, 0.167], "y": [0.167, 0.167] },
                        "t": 10,
                        "s": [9.5, 80]
                      },
                      {
                        "i": { "x": [0.833, 0.833], "y": [0.833, 0.833] },
                        "o": { "x": [0.167, 0.167], "y": [0.167, 0.167] },
                        "t": 15,
                        "s": [9.5, 100]
                      },
                      {
                        "i": { "x": [0.833, 0.833], "y": [0.833, 0.833] },
                        "o": { "x": [0.167, 0.167], "y": [0.167, 0.167] },
                        "t": 20,
                        "s": [9.5, 120]
                      },
                      {
                        "i": { "x": [0.833, 0.833], "y": [0.833, 0.833] },
                        "o": { "x": [0.167, 0.167], "y": [0.167, 0.167] },
                        "t": 25,
                        "s": [9.5, 100]
                      },
                      {
                        "i": { "x": [0.833, 0.833], "y": [0.833, 0.833] },
                        "o": { "x": [0.167, 0.167], "y": [0.167, 0.167] },
                        "t": 30,
                        "s": [9.5, 80]
                      },
                      {
                        "i": { "x": [0.833, 0.833], "y": [0.833, 0.833] },
                        "o": { "x": [0.167, 0.167], "y": [0.167, 0.167] },
                        "t": 35,
                        "s": [9.5, 60]
                      },
                      {
                        "i": { "x": [0.833, 0.833], "y": [0.833, 0.833] },
                        "o": { "x": [0.167, 0.167], "y": [0.167, 0.167] },
                        "t": 40,
                        "s": [9.5, 40]
                      },
                      {
                        "i": { "x": [0.833, 0.833], "y": [0.833, 0.833] },
                        "o": { "x": [0.167, 0.167], "y": [0.167, 0.167] },
                        "t": 45,
                        "s": [9.5, 60]
                      },
                      {
                        "i": { "x": [0.833, 0.833], "y": [0.833, 0.833] },
                        "o": { "x": [0.167, 0.167], "y": [0.167, 0.167] },
                        "t": 50,
                        "s": [9.5, 80]
                      },
                      {
                        "i": { "x": [0.833, 0.833], "y": [0.833, 0.833] },
                        "o": { "x": [0.167, 0.167], "y": [0.167, 0.167] },
                        "t": 55,
                        "s": [9.5, 60]
                      },
                      { "t": 60.0000024438501, "s": [9.5, 40] }
                    ],
                    "ix": 2
                  },
                  "p": { "a": 0, "k": [0, 0], "ix": 3 },
                  "r": { "a": 0, "k": 20, "ix": 4 },
                  "nm": "Rectangle Path 1",
                  "mn": "ADBE Vector Shape - Rect",
                  "hd": false
                },
                {
                  "ty": "fl",
                  "c": { "a": 0, "k": [1, 1, 1, 1], "ix": 4 },
                  "o": { "a": 0, "k": 100, "ix": 5 },
                  "r": 1,
                  "bm": 0,
                  "nm": "Fill 1",
                  "mn": "ADBE Vector Graphic - Fill",
                  "hd": false
                },
                {
                  "ty": "tr",
                  "p": { "a": 0, "k": [-17, -8.062], "ix": 2 },
                  "a": { "a": 0, "k": [0, 0], "ix": 1 },
                  "s": { "a": 0, "k": [100, 100], "ix": 3 },
                  "r": { "a": 0, "k": 0, "ix": 6 },
                  "o": { "a": 0, "k": 100, "ix": 7 },
                  "sk": { "a": 0, "k": 0, "ix": 4 },
                  "sa": { "a": 0, "k": 0, "ix": 5 },
                  "nm": "Transform"
                }
              ],
              "nm": "Rectangle 1",
              "np": 3,
              "cix": 2,
              "bm": 0,
              "ix": 1,
              "mn": "ADBE Vector Group",
              "hd": false
            }
          ],
          "ip": 0,
          "op": 60.0000024438501,
          "st": 0,
          "bm": 0
        },
        {
          "ddd": 0,
          "ind": 4,
          "ty": 4,
          "nm": "Shape Layer 1",
          "sr": 1,
          "ks": {
            "o": { "a": 0, "k": 100, "ix": 11 },
            "r": { "a": 0, "k": 0, "ix": 10 },
            "p": { "a": 0, "k": [7.375, 107.709, 0], "ix": 2 },
            "a": { "a": 0, "k": [-17, 18.25, 0], "ix": 1 },
            "s": { "a": 0, "k": [100, 100, 100], "ix": 6 }
          },
          "ao": 0,
          "shapes": [
            {
              "ty": "gr",
              "it": [
                {
                  "ty": "rc",
                  "d": 1,
                  "s": {
                    "a": 1,
                    "k": [
                      {
                        "i": { "x": [0.833, 0.833], "y": [0.833, 0.833] },
                        "o": { "x": [0.167, 0.167], "y": [0.167, 0.167] },
                        "t": 0,
                        "s": [9.5, 20]
                      },
                      {
                        "i": { "x": [0.833, 0.833], "y": [0.833, 0.833] },
                        "o": { "x": [0.167, 0.167], "y": [0.167, 0.167] },
                        "t": 5,
                        "s": [9.5, 40]
                      },
                      {
                        "i": { "x": [0.833, 0.833], "y": [0.833, 0.833] },
                        "o": { "x": [0.167, 0.167], "y": [0.167, 0.167] },
                        "t": 10,
                        "s": [9.5, 60]
                      },
                      {
                        "i": { "x": [0.833, 0.833], "y": [0.833, 0.833] },
                        "o": { "x": [0.167, 0.167], "y": [0.167, 0.167] },
                        "t": 15,
                        "s": [9.5, 80]
                      },
                      {
                        "i": { "x": [0.833, 0.833], "y": [0.833, 0.833] },
                        "o": { "x": [0.167, 0.167], "y": [0.167, 0.167] },
                        "t": 20,
                        "s": [9.5, 60]
                      },
                      {
                        "i": { "x": [0.833, 0.833], "y": [0.833, 0.833] },
                        "o": { "x": [0.167, 0.167], "y": [0.167, 0.167] },
                        "t": 25,
                        "s": [9.5, 40]
                      },
                      {
                        "i": { "x": [0.833, 0.833], "y": [0.833, 0.833] },
                        "o": { "x": [0.167, 0.167], "y": [0.167, 0.167] },
                        "t": 30,
                        "s": [9.5, 20]
                      },
                      {
                        "i": { "x": [0.833, 0.833], "y": [0.833, 0.833] },
                        "o": { "x": [0.167, 0.167], "y": [0.167, 0.167] },
                        "t": 35,
                        "s": [9.5, 40]
                      },
                      {
                        "i": { "x": [0.833, 0.833], "y": [0.833, 0.833] },
                        "o": { "x": [0.167, 0.167], "y": [0.167, 0.167] },
                        "t": 40,
                        "s": [9.5, 60]
                      },
                      {
                        "i": { "x": [0.833, 0.833], "y": [0.833, 0.833] },
                        "o": { "x": [0.167, 0.167], "y": [0.167, 0.167] },
                        "t": 45,
                        "s": [9.5, 80]
                      },
                      {
                        "i": { "x": [0.833, 0.833], "y": [0.833, 0.833] },
                        "o": { "x": [0.167, 0.167], "y": [0.167, 0.167] },
                        "t": 50,
                        "s": [9.5, 60]
                      },
                      {
                        "i": { "x": [0.833, 0.833], "y": [0.833, 0.833] },
                        "o": { "x": [0.167, 0.167], "y": [0.167, 0.167] },
                        "t": 55,
                        "s": [9.5, 40]
                      },
                      { "t": 60.0000024438501, "s": [9.5, 20] }
                    ],
                    "ix": 2
                  },
                  "p": { "a": 0, "k": [0, -10.396], "ix": 3 },
                  "r": { "a": 0, "k": 114, "ix": 4 },
                  "nm": "Rectangle Path 1",
                  "mn": "ADBE Vector Shape - Rect",
                  "hd": false
                },
                {
                  "ty": "fl",
                  "c": { "a": 0, "k": [1, 1, 1, 1], "ix": 4 },
                  "o": { "a": 0, "k": 100, "ix": 5 },
                  "r": 1,
                  "bm": 0,
                  "nm": "Fill 1",
                  "mn": "ADBE Vector Graphic - Fill",
                  "hd": false
                },
                {
                  "ty": "tr",
                  "p": { "a": 0, "k": [-17, -0.25], "ix": 2 },
                  "a": { "a": 0, "k": [0, 17.938], "ix": 1 },
                  "s": { "a": 0, "k": [100, 100], "ix": 3 },
                  "r": { "a": 0, "k": 0, "ix": 6 },
                  "o": { "a": 0, "k": 100, "ix": 7 },
                  "sk": { "a": 0, "k": 0, "ix": 4 },
                  "sa": { "a": 0, "k": 0, "ix": 5 },
                  "nm": "Transform"
                }
              ],
              "nm": "Rectangle 1",
              "np": 3,
              "cix": 2,
              "bm": 0,
              "ix": 1,
              "mn": "ADBE Vector Group",
              "hd": false
            }
          ],
          "ip": 0,
          "op": 60.0000024438501,
          "st": 0,
          "bm": 0
        }
      ]
    }
  ],
  "layers": [
    {
      "ddd": 0,
      "ind": 1,
      "ty": 0,
      "nm": "BG",
      "td": 1,
      "refId": "comp_0",
      "sr": 1,
      "ks": {
        "o": { "a": 0, "k": 100, "ix": 11 },
        "r": { "a": 0, "k": 0, "ix": 10 },
        "p": { "a": 0, "k": [32.5, 32.5, 0], "ix": 2 },
        "a": { "a": 0, "k": [30, 32.5, 0], "ix": 1 },
        "s": { "a": 0, "k": [100, 100, 100], "ix": 6 }
      },
      "ao": 0,
      "w": 60,
      "h": 65,
      "ip": 0,
      "op": 60.0000024438501,
      "st": 0,
      "bm": 0
    },
    {
      "ddd": 0,
      "ind": 2,
      "ty": 0,
      "nm": "Shape",
      "tt": 1,
      "refId": "comp_1",
      "sr": 1,
      "ks": {
        "o": { "a": 0, "k": 100, "ix": 11 },
        "r": { "a": 0, "k": 0, "ix": 10 },
        "p": { "a": 0, "k": [32.5, 60.875, 0], "ix": 2 },
        "a": { "a": 0, "k": [30, 60, 0], "ix": 1 },
        "s": { "a": 0, "k": [100, 100, 100], "ix": 6 }
      },
      "ao": 0,
      "w": 60,
      "h": 120,
      "ip": 0,
      "op": 60.0000024438501,
      "st": 0,
      "bm": 0
    }
  ],
  "markers": []
}
