{
  "v": "5.5.7",
  "meta": { "g": "LottieFiles AE 0.1.20", "a": "", "k": "", "d": "", "tc": "" },
  "fr": 24,
  "ip": 0,
  "op": 99,
  "w": 250,
  "h": 300,
  "nm": "Trees 04",
  "ddd": 0,
  "assets": [],
  "layers": [
    {
      "ddd": 0,
      "ind": 1,
      "ty": 4,
      "nm": "Leaf",
      "sr": 1,
      "ks": {
        "o": { "a": 0, "k": 100, "ix": 11 },
        "r": { "a": 0, "k": -32, "ix": 10 },
        "p": { "a": 0, "k": [123, 124.5, 0], "ix": 2 },
        "a": { "a": 0, "k": [0, 0, 0], "ix": 1 },
        "s": { "a": 0, "k": [57, 57, 100], "ix": 6 }
      },
      "ao": 0,
      "shapes": [
        {
          "ty": "gr",
          "it": [
            {
              "ind": 0,
              "ty": "sh",
              "ix": 1,
              "ks": {
                "a": 0,
                "k": {
                  "i": [
                    [-5.488, 100.817],
                    [-2, 7],
                    [-21.79, 3.722],
                    [0, 0]
                  ],
                  "o": [
                    [-109.255, 3.858],
                    [-0.169, 0.399],
                    [-24.766, 11.151],
                    [0, 0]
                  ],
                  "v": [
                    [116.694, -134.644],
                    [31.84, -55.373],
                    [78.816, -98.716],
                    [34.437, -52.487]
                  ],
                  "c": true
                },
                "ix": 2
              },
              "nm": "Path 1",
              "mn": "ADBE Vector Shape - Group",
              "hd": false
            },
            {
              "ty": "fl",
              "c": {
                "a": 0,
                "k": [0.090293742161, 0.807058775659, 0.015824680702, 1],
                "ix": 4
              },
              "o": { "a": 0, "k": 100, "ix": 5 },
              "r": 1,
              "bm": 0,
              "nm": "Fill 1",
              "mn": "ADBE Vector Graphic - Fill",
              "hd": false
            },
            {
              "ty": "tr",
              "p": { "a": 0, "k": [17.873, 52.023], "ix": 2 },
              "a": { "a": 0, "k": [32.898, -54.423], "ix": 1 },
              "s": {
                "a": 1,
                "k": [
                  {
                    "i": { "x": [0.667, 0.667], "y": [1, 1] },
                    "o": { "x": [0.167, 0.167], "y": [0.167, 0.167] },
                    "t": 19,
                    "s": [0, 0]
                  },
                  {
                    "i": { "x": [0.667, 0.667], "y": [1, 1] },
                    "o": { "x": [0.333, 0.333], "y": [0, 0] },
                    "t": 24,
                    "s": [39, 39]
                  },
                  {
                    "i": { "x": [0.667, 0.667], "y": [1, 1] },
                    "o": { "x": [0.333, 0.333], "y": [0, 0] },
                    "t": 29,
                    "s": [32, 32]
                  },
                  { "t": 40, "s": [39, 39] }
                ],
                "ix": 3
              },
              "r": {
                "a": 1,
                "k": [
                  {
                    "i": { "x": [0.667], "y": [1] },
                    "o": { "x": [0.167], "y": [0] },
                    "t": 34,
                    "s": [119]
                  },
                  {
                    "i": { "x": [0.667], "y": [1] },
                    "o": { "x": [0.167], "y": [0] },
                    "t": 43,
                    "s": [106]
                  },
                  {
                    "i": { "x": [0.667], "y": [1] },
                    "o": { "x": [0.167], "y": [0] },
                    "t": 55,
                    "s": [111]
                  },
                  { "t": 71, "s": [119] }
                ],
                "ix": 6,
                "x": "var $bm_rt;\n$bm_rt = loopOut('cycle');"
              },
              "o": { "a": 0, "k": 100, "ix": 7 },
              "sk": { "a": 0, "k": 0, "ix": 4 },
              "sa": { "a": 0, "k": 0, "ix": 5 },
              "nm": "Transform"
            }
          ],
          "nm": "Shape 4",
          "np": 3,
          "cix": 2,
          "bm": 0,
          "ix": 1,
          "mn": "ADBE Vector Group",
          "hd": false
        },
        {
          "ty": "gr",
          "it": [
            {
              "ind": 0,
              "ty": "sh",
              "ix": 1,
              "ks": {
                "a": 0,
                "k": {
                  "i": [
                    [-5.488, 100.817],
                    [-2, 7],
                    [-21.79, 3.722],
                    [0, 0]
                  ],
                  "o": [
                    [-109.255, 3.858],
                    [-0.169, 0.399],
                    [-24.766, 11.151],
                    [0, 0]
                  ],
                  "v": [
                    [116.694, -134.644],
                    [31.84, -55.373],
                    [78.816, -98.716],
                    [34.437, -52.487]
                  ],
                  "c": true
                },
                "ix": 2
              },
              "nm": "Path 1",
              "mn": "ADBE Vector Shape - Group",
              "hd": false
            },
            {
              "ty": "fl",
              "c": {
                "a": 0,
                "k": [0.090293742161, 0.807058775659, 0.015824680702, 1],
                "ix": 4
              },
              "o": { "a": 0, "k": 100, "ix": 5 },
              "r": 1,
              "bm": 0,
              "nm": "Fill 1",
              "mn": "ADBE Vector Graphic - Fill",
              "hd": false
            },
            {
              "ty": "tr",
              "p": { "a": 0, "k": [47.347, 32.168], "ix": 2 },
              "a": { "a": 0, "k": [32.898, -54.423], "ix": 1 },
              "s": {
                "a": 1,
                "k": [
                  {
                    "i": { "x": [0.667, 0.667], "y": [1, 1] },
                    "o": { "x": [0.167, 0.167], "y": [0.167, 0.167] },
                    "t": 19,
                    "s": [0, 0]
                  },
                  {
                    "i": { "x": [0.667, 0.667], "y": [1, 1] },
                    "o": { "x": [0.333, 0.333], "y": [0, 0] },
                    "t": 24,
                    "s": [52, 52]
                  },
                  {
                    "i": { "x": [0.667, 0.667], "y": [1, 1] },
                    "o": { "x": [0.333, 0.333], "y": [0, 0] },
                    "t": 29,
                    "s": [45, 45]
                  },
                  { "t": 40, "s": [52, 52] }
                ],
                "ix": 3
              },
              "r": {
                "a": 1,
                "k": [
                  {
                    "i": { "x": [0.833], "y": [1] },
                    "o": { "x": [0.167], "y": [0] },
                    "t": 34,
                    "s": [64]
                  },
                  {
                    "i": { "x": [0.833], "y": [1] },
                    "o": { "x": [0.167], "y": [0] },
                    "t": 43,
                    "s": [60]
                  },
                  {
                    "i": { "x": [0.667], "y": [1] },
                    "o": { "x": [0.167], "y": [0] },
                    "t": 55,
                    "s": [66]
                  },
                  { "t": 71, "s": [64] }
                ],
                "ix": 6,
                "x": "var $bm_rt;\n$bm_rt = loopOut('cycle');"
              },
              "o": { "a": 0, "k": 100, "ix": 7 },
              "sk": { "a": 0, "k": 0, "ix": 4 },
              "sa": { "a": 0, "k": 0, "ix": 5 },
              "nm": "Transform"
            }
          ],
          "nm": "Shape 3",
          "np": 3,
          "cix": 2,
          "bm": 0,
          "ix": 2,
          "mn": "ADBE Vector Group",
          "hd": false
        },
        {
          "ty": "gr",
          "it": [
            {
              "ind": 0,
              "ty": "sh",
              "ix": 1,
              "ks": {
                "a": 0,
                "k": {
                  "i": [
                    [-5.488, 100.817],
                    [-2, 7],
                    [-21.79, 3.722],
                    [0, 0]
                  ],
                  "o": [
                    [-109.255, 3.858],
                    [-0.169, 0.399],
                    [-24.766, 11.151],
                    [0, 0]
                  ],
                  "v": [
                    [116.694, -134.644],
                    [31.84, -55.373],
                    [78.816, -98.716],
                    [34.437, -52.487]
                  ],
                  "c": true
                },
                "ix": 2
              },
              "nm": "Path 1",
              "mn": "ADBE Vector Shape - Group",
              "hd": false
            },
            {
              "ty": "fl",
              "c": {
                "a": 0,
                "k": [0.090293742161, 0.807058775659, 0.015824680702, 1],
                "ix": 4
              },
              "o": { "a": 0, "k": 100, "ix": 5 },
              "r": 1,
              "bm": 0,
              "nm": "Fill 1",
              "mn": "ADBE Vector Graphic - Fill",
              "hd": false
            },
            {
              "ty": "tr",
              "p": { "a": 0, "k": [-12.355, -40.306], "ix": 2 },
              "a": { "a": 0, "k": [32.898, -54.423], "ix": 1 },
              "s": {
                "a": 1,
                "k": [
                  {
                    "i": { "x": [0.667, 0.667], "y": [1, 1] },
                    "o": { "x": [0.167, 0.167], "y": [0.167, 0.167] },
                    "t": 19,
                    "s": [0, 0]
                  },
                  {
                    "i": { "x": [0.667, 0.667], "y": [1, 1] },
                    "o": { "x": [0.167, 0.167], "y": [0, 0] },
                    "t": 24,
                    "s": [-35, 35]
                  },
                  {
                    "i": { "x": [0.667, 0.667], "y": [1, 1] },
                    "o": { "x": [0.167, 0.167], "y": [0, 0] },
                    "t": 29,
                    "s": [-29, 29]
                  },
                  { "t": 40, "s": [-35, 35] }
                ],
                "ix": 3
              },
              "r": {
                "a": 1,
                "k": [
                  {
                    "i": { "x": [0.833], "y": [1] },
                    "o": { "x": [0.333], "y": [0] },
                    "t": 34,
                    "s": [16]
                  },
                  {
                    "i": { "x": [0.833], "y": [1] },
                    "o": { "x": [0.333], "y": [0] },
                    "t": 43,
                    "s": [12]
                  },
                  {
                    "i": { "x": [0.833], "y": [1] },
                    "o": { "x": [0.333], "y": [0] },
                    "t": 55,
                    "s": [26]
                  },
                  { "t": 71, "s": [16] }
                ],
                "ix": 6,
                "x": "var $bm_rt;\n$bm_rt = loopOut('cycle');"
              },
              "o": { "a": 0, "k": 100, "ix": 7 },
              "sk": { "a": 0, "k": 0, "ix": 4 },
              "sa": { "a": 0, "k": 0, "ix": 5 },
              "nm": "Transform"
            }
          ],
          "nm": "Shape 10",
          "np": 3,
          "cix": 2,
          "bm": 0,
          "ix": 3,
          "mn": "ADBE Vector Group",
          "hd": false
        },
        {
          "ty": "gr",
          "it": [
            {
              "ind": 0,
              "ty": "sh",
              "ix": 1,
              "ks": {
                "a": 0,
                "k": {
                  "i": [
                    [-5.488, 100.817],
                    [-2, 7],
                    [-21.79, 3.722],
                    [0, 0]
                  ],
                  "o": [
                    [-109.255, 3.858],
                    [-0.169, 0.399],
                    [-24.766, 11.151],
                    [0, 0]
                  ],
                  "v": [
                    [116.694, -134.644],
                    [31.84, -55.373],
                    [78.816, -98.716],
                    [34.437, -52.487]
                  ],
                  "c": true
                },
                "ix": 2
              },
              "nm": "Path 1",
              "mn": "ADBE Vector Shape - Group",
              "hd": false
            },
            {
              "ty": "fl",
              "c": {
                "a": 0,
                "k": [0.090293742161, 0.807058775659, 0.015824680702, 1],
                "ix": 4
              },
              "o": { "a": 0, "k": 100, "ix": 5 },
              "r": 1,
              "bm": 0,
              "nm": "Fill 1",
              "mn": "ADBE Vector Graphic - Fill",
              "hd": false
            },
            {
              "ty": "tr",
              "p": { "a": 0, "k": [59.058, -16.369], "ix": 2 },
              "a": { "a": 0, "k": [32.898, -54.423], "ix": 1 },
              "s": {
                "a": 1,
                "k": [
                  {
                    "i": { "x": [0.667, 0.667], "y": [1, 1] },
                    "o": { "x": [0.167, 0.167], "y": [0.167, 0.167] },
                    "t": 19,
                    "s": [0, 0]
                  },
                  {
                    "i": { "x": [0.667, 0.667], "y": [1, 1] },
                    "o": { "x": [0.333, 0.333], "y": [0, 0] },
                    "t": 24,
                    "s": [77, 77]
                  },
                  {
                    "i": { "x": [0.667, 0.667], "y": [1, 1] },
                    "o": { "x": [0.333, 0.333], "y": [0, 0] },
                    "t": 29,
                    "s": [70, 70]
                  },
                  { "t": 40, "s": [77, 77] }
                ],
                "ix": 3
              },
              "r": {
                "a": 1,
                "k": [
                  {
                    "i": { "x": [0.833], "y": [1] },
                    "o": { "x": [0.333], "y": [0] },
                    "t": 34,
                    "s": [43]
                  },
                  {
                    "i": { "x": [0.833], "y": [1] },
                    "o": { "x": [0.167], "y": [0] },
                    "t": 43,
                    "s": [40]
                  },
                  {
                    "i": { "x": [0.667], "y": [1] },
                    "o": { "x": [0.167], "y": [0] },
                    "t": 55,
                    "s": [35]
                  },
                  { "t": 71, "s": [43] }
                ],
                "ix": 6,
                "x": "var $bm_rt;\n$bm_rt = loopOut('cycle');"
              },
              "o": { "a": 0, "k": 100, "ix": 7 },
              "sk": { "a": 0, "k": 0, "ix": 4 },
              "sa": { "a": 0, "k": 0, "ix": 5 },
              "nm": "Transform"
            }
          ],
          "nm": "Shape 2",
          "np": 3,
          "cix": 2,
          "bm": 0,
          "ix": 4,
          "mn": "ADBE Vector Group",
          "hd": false
        },
        {
          "ty": "gr",
          "it": [
            {
              "ind": 0,
              "ty": "sh",
              "ix": 1,
              "ks": {
                "a": 0,
                "k": {
                  "i": [
                    [-5.488, 100.817],
                    [-2, 7],
                    [-21.79, 3.722],
                    [0, 0]
                  ],
                  "o": [
                    [-109.255, 3.858],
                    [-0.169, 0.399],
                    [-24.766, 11.151],
                    [0, 0]
                  ],
                  "v": [
                    [116.694, -134.644],
                    [31.84, -55.373],
                    [78.816, -98.716],
                    [34.437, -52.487]
                  ],
                  "c": true
                },
                "ix": 2
              },
              "nm": "Path 1",
              "mn": "ADBE Vector Shape - Group",
              "hd": false
            },
            {
              "ty": "fl",
              "c": {
                "a": 0,
                "k": [0.090293742161, 0.807058775659, 0.015824680702, 1],
                "ix": 4
              },
              "o": { "a": 0, "k": 100, "ix": 5 },
              "r": 1,
              "bm": 0,
              "nm": "Fill 1",
              "mn": "ADBE Vector Graphic - Fill",
              "hd": false
            },
            {
              "ty": "tr",
              "p": { "a": 0, "k": [-35.3, -6.531], "ix": 2 },
              "a": { "a": 0, "k": [32.898, -54.423], "ix": 1 },
              "s": {
                "a": 1,
                "k": [
                  {
                    "i": { "x": [0.833, 0.833], "y": [1, 1] },
                    "o": { "x": [0.167, 0.167], "y": [0.167, 0.167] },
                    "t": 20,
                    "s": [0, 0]
                  },
                  {
                    "i": { "x": [0.833, 0.833], "y": [1, 1] },
                    "o": { "x": [0.167, 0.167], "y": [0, 0] },
                    "t": 26,
                    "s": [-31, 31]
                  },
                  {
                    "i": { "x": [0.833, 0.833], "y": [1, 1] },
                    "o": { "x": [0.167, 0.167], "y": [0, 0] },
                    "t": 31,
                    "s": [-21, 21]
                  },
                  { "t": 43, "s": [-31, 31] }
                ],
                "ix": 3
              },
              "r": {
                "a": 1,
                "k": [
                  {
                    "i": { "x": [0.667], "y": [1] },
                    "o": { "x": [0.167], "y": [0] },
                    "t": 35,
                    "s": [-48]
                  },
                  {
                    "i": { "x": [0.667], "y": [1] },
                    "o": { "x": [0.167], "y": [0] },
                    "t": 43,
                    "s": [-48]
                  },
                  {
                    "i": { "x": [0.667], "y": [1] },
                    "o": { "x": [0.167], "y": [0] },
                    "t": 56,
                    "s": [-53]
                  },
                  { "t": 72, "s": [-48] }
                ],
                "ix": 6,
                "x": "var $bm_rt;\n$bm_rt = loopOut('cycle');"
              },
              "o": { "a": 0, "k": 100, "ix": 7 },
              "sk": { "a": 0, "k": 0, "ix": 4 },
              "sa": { "a": 0, "k": 0, "ix": 5 },
              "nm": "Transform"
            }
          ],
          "nm": "Shape 8",
          "np": 3,
          "cix": 2,
          "bm": 0,
          "ix": 5,
          "mn": "ADBE Vector Group",
          "hd": false
        },
        {
          "ty": "gr",
          "it": [
            {
              "ind": 0,
              "ty": "sh",
              "ix": 1,
              "ks": {
                "a": 0,
                "k": {
                  "i": [
                    [-5.488, 100.817],
                    [-2, 7],
                    [-21.79, 3.722],
                    [0, 0]
                  ],
                  "o": [
                    [-109.255, 3.858],
                    [-0.169, 0.399],
                    [-24.766, 11.151],
                    [0, 0]
                  ],
                  "v": [
                    [116.694, -134.644],
                    [31.84, -55.373],
                    [78.816, -98.716],
                    [34.437, -52.487]
                  ],
                  "c": true
                },
                "ix": 2
              },
              "nm": "Path 1",
              "mn": "ADBE Vector Shape - Group",
              "hd": false
            },
            {
              "ty": "fl",
              "c": {
                "a": 0,
                "k": [0.090293742161, 0.807058775659, 0.015824680702, 1],
                "ix": 4
              },
              "o": { "a": 0, "k": 100, "ix": 5 },
              "r": 1,
              "bm": 0,
              "nm": "Fill 1",
              "mn": "ADBE Vector Graphic - Fill",
              "hd": false
            },
            {
              "ty": "tr",
              "p": { "a": 0, "k": [-40.464, -49.581], "ix": 2 },
              "a": { "a": 0, "k": [32.898, -54.423], "ix": 1 },
              "s": {
                "a": 1,
                "k": [
                  {
                    "i": { "x": [0.833, 0.833], "y": [1, 1] },
                    "o": { "x": [0.167, 0.167], "y": [0.167, 0.167] },
                    "t": 20,
                    "s": [0, 0]
                  },
                  {
                    "i": { "x": [0.833, 0.833], "y": [1, 1] },
                    "o": { "x": [0.167, 0.167], "y": [0, 0] },
                    "t": 26,
                    "s": [-59, 59]
                  },
                  {
                    "i": { "x": [0.833, 0.833], "y": [1, 1] },
                    "o": { "x": [0.167, 0.167], "y": [0, 0] },
                    "t": 31,
                    "s": [-49, 49]
                  },
                  { "t": 43, "s": [-59, 59] }
                ],
                "ix": 3
              },
              "r": {
                "a": 1,
                "k": [
                  {
                    "i": { "x": [0.833], "y": [1] },
                    "o": { "x": [0.333], "y": [0] },
                    "t": 35,
                    "s": [-22]
                  },
                  {
                    "i": { "x": [0.667], "y": [1] },
                    "o": { "x": [0.167], "y": [0] },
                    "t": 44,
                    "s": [-20]
                  },
                  {
                    "i": { "x": [0.667], "y": [1] },
                    "o": { "x": [0.333], "y": [0] },
                    "t": 56,
                    "s": [-24]
                  },
                  { "t": 72, "s": [-22] }
                ],
                "ix": 6,
                "x": "var $bm_rt;\n$bm_rt = loopOut('cycle');"
              },
              "o": { "a": 0, "k": 100, "ix": 7 },
              "sk": { "a": 0, "k": 0, "ix": 4 },
              "sa": { "a": 0, "k": 0, "ix": 5 },
              "nm": "Transform"
            }
          ],
          "nm": "Shape 7",
          "np": 3,
          "cix": 2,
          "bm": 0,
          "ix": 6,
          "mn": "ADBE Vector Group",
          "hd": false
        },
        {
          "ty": "gr",
          "it": [
            {
              "ind": 0,
              "ty": "sh",
              "ix": 1,
              "ks": {
                "a": 0,
                "k": {
                  "i": [
                    [-5.488, 100.817],
                    [-2, 7],
                    [-21.79, 3.722],
                    [0, 0]
                  ],
                  "o": [
                    [-109.255, 3.858],
                    [-0.169, 0.399],
                    [-24.766, 11.151],
                    [0, 0]
                  ],
                  "v": [
                    [116.694, -134.644],
                    [31.84, -55.373],
                    [78.816, -98.716],
                    [34.437, -52.487]
                  ],
                  "c": true
                },
                "ix": 2
              },
              "nm": "Path 1",
              "mn": "ADBE Vector Shape - Group",
              "hd": false
            },
            {
              "ty": "fl",
              "c": {
                "a": 0,
                "k": [0.090293742161, 0.807058775659, 0.015824680702, 1],
                "ix": 4
              },
              "o": { "a": 0, "k": 100, "ix": 5 },
              "r": 1,
              "bm": 0,
              "nm": "Fill 1",
              "mn": "ADBE Vector Graphic - Fill",
              "hd": false
            },
            {
              "ty": "tr",
              "p": { "a": 0, "k": [1.188, -89.753], "ix": 2 },
              "a": { "a": 0, "k": [32.898, -54.423], "ix": 1 },
              "s": {
                "a": 1,
                "k": [
                  {
                    "i": { "x": [0.833, 0.833], "y": [1, 1] },
                    "o": { "x": [0.167, 0.167], "y": [0.167, 0.167] },
                    "t": 18,
                    "s": [0, 0]
                  },
                  {
                    "i": { "x": [0.833, 0.833], "y": [1, 1] },
                    "o": { "x": [0.167, 0.167], "y": [0, 0] },
                    "t": 24,
                    "s": [-82, 82]
                  },
                  {
                    "i": { "x": [0.833, 0.833], "y": [1, 1] },
                    "o": { "x": [0.167, 0.167], "y": [0, 0] },
                    "t": 29,
                    "s": [-72, 72]
                  },
                  { "t": 41, "s": [-82, 82] }
                ],
                "ix": 3
              },
              "r": {
                "a": 1,
                "k": [
                  {
                    "i": { "x": [0.833], "y": [1] },
                    "o": { "x": [0.333], "y": [0] },
                    "t": 33,
                    "s": [0]
                  },
                  {
                    "i": { "x": [0.667], "y": [1] },
                    "o": { "x": [0.167], "y": [0] },
                    "t": 42,
                    "s": [2]
                  },
                  {
                    "i": { "x": [0.667], "y": [1] },
                    "o": { "x": [0.333], "y": [0] },
                    "t": 54,
                    "s": [-2]
                  },
                  { "t": 70, "s": [0] }
                ],
                "ix": 6,
                "x": "var $bm_rt;\n$bm_rt = loopOut('cycle');"
              },
              "o": { "a": 0, "k": 100, "ix": 7 },
              "sk": { "a": 0, "k": 0, "ix": 4 },
              "sa": { "a": 0, "k": 0, "ix": 5 },
              "nm": "Transform"
            }
          ],
          "nm": "Shape 6",
          "np": 3,
          "cix": 2,
          "bm": 0,
          "ix": 7,
          "mn": "ADBE Vector Group",
          "hd": false
        },
        {
          "ty": "gr",
          "it": [
            {
              "ind": 0,
              "ty": "sh",
              "ix": 1,
              "ks": {
                "a": 0,
                "k": {
                  "i": [
                    [-5.488, 100.817],
                    [-2, 7],
                    [-21.79, 3.722],
                    [0, 0]
                  ],
                  "o": [
                    [-109.255, 3.858],
                    [-0.169, 0.399],
                    [-24.766, 11.151],
                    [0, 0]
                  ],
                  "v": [
                    [116.694, -134.644],
                    [31.84, -55.373],
                    [78.816, -98.716],
                    [34.437, -52.487]
                  ],
                  "c": true
                },
                "ix": 2
              },
              "nm": "Path 1",
              "mn": "ADBE Vector Shape - Group",
              "hd": false
            },
            {
              "ty": "fl",
              "c": {
                "a": 0,
                "k": [0.090293742161, 0.807058775659, 0.015824680702, 1],
                "ix": 4
              },
              "o": { "a": 0, "k": 100, "ix": 5 },
              "r": 1,
              "bm": 0,
              "nm": "Fill 1",
              "mn": "ADBE Vector Graphic - Fill",
              "hd": false
            },
            {
              "ty": "tr",
              "p": { "a": 0, "k": [35.129, -69.579], "ix": 2 },
              "a": { "a": 0, "k": [32.898, -54.423], "ix": 1 },
              "s": {
                "a": 1,
                "k": [
                  {
                    "i": { "x": [0.667, 0.667], "y": [1, 1] },
                    "o": { "x": [0.167, 0.167], "y": [0.167, 0.167] },
                    "t": 18,
                    "s": [0, 0]
                  },
                  {
                    "i": { "x": [0.667, 0.667], "y": [1, 1] },
                    "o": { "x": [0.333, 0.333], "y": [0, 0] },
                    "t": 24,
                    "s": [100, 100]
                  },
                  {
                    "i": { "x": [0.667, 0.667], "y": [1, 1] },
                    "o": { "x": [0.333, 0.333], "y": [0, 0] },
                    "t": 29,
                    "s": [90, 90]
                  },
                  { "t": 41, "s": [100, 100] }
                ],
                "ix": 3
              },
              "r": {
                "a": 1,
                "k": [
                  {
                    "i": { "x": [0.833], "y": [1] },
                    "o": { "x": [0.333], "y": [0] },
                    "t": 33,
                    "s": [0]
                  },
                  {
                    "i": { "x": [0.667], "y": [1] },
                    "o": { "x": [0.167], "y": [0] },
                    "t": 42,
                    "s": [2]
                  },
                  {
                    "i": { "x": [0.667], "y": [1] },
                    "o": { "x": [0.333], "y": [0] },
                    "t": 54,
                    "s": [-2]
                  },
                  { "t": 70, "s": [0] }
                ],
                "ix": 6,
                "x": "var $bm_rt;\n$bm_rt = loopOut('cycle');"
              },
              "o": { "a": 0, "k": 100, "ix": 7 },
              "sk": { "a": 0, "k": 0, "ix": 4 },
              "sa": { "a": 0, "k": 0, "ix": 5 },
              "nm": "Transform"
            }
          ],
          "nm": "Shape 1",
          "np": 3,
          "cix": 2,
          "bm": 0,
          "ix": 8,
          "mn": "ADBE Vector Group",
          "hd": false
        }
      ],
      "ip": 18,
      "op": 738,
      "st": 18,
      "bm": 0
    },
    {
      "ddd": 0,
      "ind": 2,
      "ty": 4,
      "nm": "stem",
      "sr": 1,
      "ks": {
        "o": { "a": 0, "k": 100, "ix": 11 },
        "r": { "a": 0, "k": 0, "ix": 10 },
        "p": { "a": 0, "k": [138, 133.5, 0], "ix": 2 },
        "a": { "a": 0, "k": [0, 0, 0], "ix": 1 },
        "s": { "a": 0, "k": [100, 100, 100], "ix": 6 }
      },
      "ao": 0,
      "shapes": [
        {
          "ty": "gr",
          "it": [
            {
              "ty": "gr",
              "it": [
                {
                  "ty": "fl",
                  "c": {
                    "a": 0,
                    "k": [0.64078428979, 0.380449960746, 0.008543782141, 1],
                    "ix": 4
                  },
                  "o": { "a": 0, "k": 100, "ix": 5 },
                  "r": 1,
                  "bm": 0,
                  "nm": "Fill 1",
                  "mn": "ADBE Vector Graphic - Fill",
                  "hd": false
                },
                {
                  "ty": "tr",
                  "p": { "a": 0, "k": [0, 0], "ix": 2 },
                  "a": { "a": 0, "k": [0, 0], "ix": 1 },
                  "s": { "a": 0, "k": [100, 100], "ix": 3 },
                  "r": { "a": 0, "k": 0, "ix": 6 },
                  "o": { "a": 0, "k": 100, "ix": 7 },
                  "sk": { "a": 0, "k": 0, "ix": 4 },
                  "sa": { "a": 0, "k": 0, "ix": 5 },
                  "nm": "Transform"
                }
              ],
              "nm": "Shape 1",
              "np": 2,
              "cix": 2,
              "bm": 0,
              "ix": 1,
              "mn": "ADBE Vector Group",
              "hd": false
            },
            {
              "ty": "gr",
              "it": [
                {
                  "ind": 0,
                  "ty": "sh",
                  "ix": 1,
                  "ks": {
                    "a": 1,
                    "k": [
                      {
                        "i": { "x": 0.667, "y": 1 },
                        "o": { "x": 0.167, "y": 0.167 },
                        "t": 0,
                        "s": [
                          {
                            "i": [
                              [0, 0],
                              [0.093, -9.167],
                              [0.008, -0.809],
                              [-0.003, -0.148],
                              [0, 0],
                              [0, 0],
                              [-1.228, -2.36],
                              [-0.026, 0.003],
                              [-0.182, 0.017]
                            ],
                            "o": [
                              [0, 0],
                              [-0.011, 1.065],
                              [-0.015, 1.592],
                              [-0.103, -0.498],
                              [0, 0],
                              [0, 0],
                              [0.234, 0.45],
                              [0.053, -0.006],
                              [1.04, -0.094]
                            ],
                            "v": [
                              [-9.564, 57.06],
                              [-9.849, 83.406],
                              [-9.877, 86.237],
                              [-9.897, 88.998],
                              [-9.5, 118],
                              [-21.5, 118],
                              [-14.134, 56.715],
                              [-13.721, 57.428],
                              [-13.357, 57.394]
                            ],
                            "c": true
                          }
                        ]
                      },
                      {
                        "i": { "x": 0.833, "y": 1 },
                        "o": { "x": 0.333, "y": 0 },
                        "t": 8,
                        "s": [
                          {
                            "i": [
                              [0, 0],
                              [-0.135, -24.306],
                              [-0.012, -2.111],
                              [-0.003, -0.148],
                              [0, 0],
                              [0, 0],
                              [-0.669, 4.334],
                              [-0.026, 0.003],
                              [-0.157, 0.017]
                            ],
                            "o": [
                              [0, 0],
                              [0.016, 2.824],
                              [0.024, 4.152],
                              [-0.103, -0.498],
                              [0, 0],
                              [0, 0],
                              [0.127, -0.826],
                              [0.053, -0.006],
                              [0.895, -0.094]
                            ],
                            "v": [
                              [-10.366, 3.669],
                              [-9.981, 74.677],
                              [-9.939, 82.135],
                              [-9.897, 88.998],
                              [-9.5, 118],
                              [-21.5, 118],
                              [-14.091, 5.296],
                              [-13.855, 4.037],
                              [-13.53, 4.003]
                            ],
                            "c": true
                          }
                        ]
                      },
                      {
                        "t": 29,
                        "s": [
                          {
                            "i": [
                              [0, 0],
                              [-0.502, -38.461],
                              [-4.065, 29.684],
                              [-0.004, -0.226],
                              [-15.5, -58],
                              [13.5, 11.5],
                              [-1.017, 7.239],
                              [-0.061, 0.006],
                              [-12.211, -11.781]
                            ],
                            "o": [
                              [0, 0],
                              [-0.502, 4.289],
                              [5.935, 13.434],
                              [-0.103, -0.498],
                              [-6, 2.5],
                              [19.5, -70.5],
                              [0.614, -4.374],
                              [0.086, -0.009],
                              [-2.711, -34.281]
                            ],
                            "v": [
                              [-22.616, -62.331],
                              [-3.248, 9.961],
                              [8.815, -21.434],
                              [-1.897, 30.998],
                              [6, 115],
                              [-33, 113],
                              [-16.479, 7.823],
                              [-33.855, -22.713],
                              [-14.539, -8.469]
                            ],
                            "c": true
                          }
                        ]
                      }
                    ],
                    "ix": 2
                  },
                  "nm": "Path 1",
                  "mn": "ADBE Vector Shape - Group",
                  "hd": false
                },
                {
                  "ty": "fl",
                  "c": {
                    "a": 0,
                    "k": [0.64078428979, 0.380449960746, 0.008543782141, 1],
                    "ix": 4
                  },
                  "o": { "a": 0, "k": 100, "ix": 5 },
                  "r": 1,
                  "bm": 0,
                  "nm": "Fill 1",
                  "mn": "ADBE Vector Graphic - Fill",
                  "hd": false
                },
                {
                  "ty": "tr",
                  "p": { "a": 0, "k": [0, 0], "ix": 2 },
                  "a": { "a": 0, "k": [0, 0], "ix": 1 },
                  "s": { "a": 0, "k": [100, 100], "ix": 3 },
                  "r": { "a": 0, "k": 0, "ix": 6 },
                  "o": { "a": 0, "k": 100, "ix": 7 },
                  "sk": { "a": 0, "k": 0, "ix": 4 },
                  "sa": { "a": 0, "k": 0, "ix": 5 },
                  "nm": "Transform"
                }
              ],
              "nm": "Group 1",
              "np": 3,
              "cix": 2,
              "bm": 0,
              "ix": 2,
              "mn": "ADBE Vector Group",
              "hd": false
            },
            {
              "ty": "tr",
              "p": { "a": 0, "k": [-15.5, 114.5], "ix": 2 },
              "a": { "a": 0, "k": [-15.5, 114.5], "ix": 1 },
              "s": {
                "a": 1,
                "k": [
                  {
                    "i": { "x": [0.667, 0.667], "y": [1, 1] },
                    "o": { "x": [0.167, 0.167], "y": [0.167, 0.167] },
                    "t": 0,
                    "s": [0, 0]
                  },
                  {
                    "i": { "x": [0.667, 0.667], "y": [1, 1] },
                    "o": { "x": [0.333, 0.333], "y": [0, 0] },
                    "t": 5,
                    "s": [100, 100]
                  },
                  {
                    "i": { "x": [0.667, 0.667], "y": [1, 1] },
                    "o": { "x": [0.333, 0.333], "y": [0, 0] },
                    "t": 9,
                    "s": [90, 90]
                  },
                  { "t": 18, "s": [100, 100] }
                ],
                "ix": 3
              },
              "r": { "a": 0, "k": 0, "ix": 6 },
              "o": { "a": 0, "k": 100, "ix": 7 },
              "sk": { "a": 0, "k": 0, "ix": 4 },
              "sa": { "a": 0, "k": 0, "ix": 5 },
              "nm": "Transform"
            }
          ],
          "nm": "Shape 1",
          "np": 2,
          "cix": 2,
          "bm": 0,
          "ix": 1,
          "mn": "ADBE Vector Group",
          "hd": false
        }
      ],
      "ip": 0,
      "op": 720,
      "st": 0,
      "bm": 0
    }
  ],
  "markers": []
}
