{
  "media": [
    {
      "id": "1",
      "cover": "https://dl.dropboxusercontent.com/s/0dk1xmdi05eci1p/kannadiga.jpg?dl=0",
      "title": "Sandalwood Hits",
      "artist": "All",
      "type": "Folder",
      "subtitle": "18 items",
      "genre": "Sandalwood",
      "children": [
        {
          "id": "1",
          "cover": "https://dl.dropboxusercontent.com/s/cmzkdk7lxsxvnnb/ni-sanihake-bandare.jpg?dl=0",
          "title": "Ni Sanihake bandare",
          "path": "https://dl.dropboxusercontent.com/s/o4djrulrcic6zjb/Nee%20Sanihake%20Bandre.mp3?dl=0",
          "artist": "Sonu Nigam",
          "type": "online"
        },
        {
          "id": "2",
          "cover": "http://kannadasongs.cc/thumbs/102.png",
          "title": "Avarivara Jothe",
          "path": "http://kannadasongs.cc/file/download/104.html",
          "artist": "Sonu Nigam",
          "type": "online"
        },
        {
          "id": "3",
          "cover": "http://kannadasongs.cc/thumbs/46.png",
          "title": " Natasaarvabhowma ",
          "path": "http://kannadasongs.cc/file/download/46.html",
          "type": "online"
        },
        {
          "id": "4",
          "cover": "http://kannadasongs.cc/thumbs/41.png",
          "title": " Nagarahavu",
          "path": "http://kannadasongs.cc/file/download/41.html",
          "type": "online"
        },
        {
          "id": "5",
          "cover": "http://kannadasongs.cc/icon.php?file=L2ZpbGVzL05ld19NcDNfU29uZ3MvS2F2YWNoYS9SZWtrYXlhX3NvbG9fLm1wMw==&fid=21",
          "title": " Rekkaya-solo ",
          "path": "http://kannadasongs.cc/file/download/21.html",
          "type": "online"
        },
        {
          "id": "6",
          "cover": "http://kannadasongs.cc/thumbs/108.png",
          "title": " Magariya",
          "path": "http://kannadasongs.cc/file/download/108.html",
          "type": "online"
        },
        {
          "id": "7",
          "cover": "http://kannadasongs.cc/icon.php?file=L2ZpbGVzL05ld19NcDNfU29uZ3MvQW5hbnRodV9WU19OdXNyYXRoL09tbWV5dV9UaGlydWdpXy5tcDM=&fid=29",
          "title": " Ommeyu Thirugi ",
          "path": "http://kannadasongs.cc/file/download/29.html",
          "type": "online"
        },
        {
          "id": "8",
          "cover": "http://kannadasongs.cc/thumbs/42.png",
          "title": " Kotigobba-2 ",
          "path": "http://kannadasongs.cc/file/download/42.html",
          "type": "online"
        },
        {
          "id": "9",
          "cover": "http://kannadasongs.cc/thumbs/102.png",
          "title": " Avarivara Jothe",
          "path": "http://kannadasongs.cc/file/download/104.html",
          "artist": "Sonu Nigam",
          "type": "online"
        },
        {
          "id": "10",
          "cover": "https://dl.dropboxusercontent.com/s/iw69wlkr9k7e8l6/Googly-2015.jpg?dl=0",
          "title": "Yeno Yeno Aagide ",
          "path": "https://dl.dropboxusercontent.com/s/j00rbiout3lt8yn/Yeno%20Yeno%20Aagide.mp3?dl=0",
          "type": "online"
        },
        {
          "id": "111",
          "cover": "http://kannadasongs.cc/thumbs/94.png",
          "title": " Nee Eshtu Muddhu",
          "path": "http://kannadasongs.cc/file/download/97.html",
          "type": "online"
        },
        {
          "id": "112",
          "cover": "http://kannadasongs.cc/thumbs/109.png",
          "title": " Ninna Shehadinda",
          "path": "http://kannadasongs.cc/file/download/118.html",
          "type": "online"
        },
        {
          "id": "113",
          "cover": "http://kannadasongs.cc/thumbs/41.png",
          "title": " Nagarahavu",
          "path": "http://kannadasongs.cc/file/download/41.html",
          "type": "online"
        },
        {
          "id": "114",
          "cover": "https://dl.dropboxusercontent.com/s/iw69wlkr9k7e8l6/Googly-2015.jpg?dl=0",
          "title": "Neenirade",
          "path": "https://dl.dropboxusercontent.com/s/cfwy6incaicpaqo/Neenirade.mp3?dl=0",
          "artist": "Sonu Nigam",
          "type": "online"
        },
        {
          "id": "15",
          "cover": "https://dl.dropboxusercontent.com/s/3a5o701zlpujpr9/Dont-Worry-2019.jpg?dl=0",
          "title": " Don't Worry",
          "path": "https://dl.dropboxusercontent.com/s/evzyrlnrtyovho6/Don%27t%20Worry.mp3?dl=0",
          "artist": "Allok",
          "type": "online"
        },
        {
          "id": "16",
          "cover": "http://kannadasongs.cc/thumbs/46.png",
          "title": " Natasaarvabhowma ",
          "path": "http://kannadasongs.cc/file/download/46.html",
          "type": "online"
        },
        {
          "id": "117",
          "cover": "https://dl.dropboxusercontent.com/s/vxbiutz5e0yyen0/Amar-2019.jpg?dl=0",
          "title": "Marethuhoyithe",
          "path": "https://dl.dropboxusercontent.com/s/gcg48saswg7juu8/Marethuhoyithe.mp3?dl=0",
          "artist": "Sanchith Hegde",
          "type": "online"
        },
        {
          "id": "18",
          "cover": "http://kannadasongs.cc/icon.php?file=L2ZpbGVzL05ld19NcDNfU29uZ3MvS2F2YWNoYS9SZWtrYXlhX3NvbG9fLm1wMw==&fid=21",
          "title": " Rekkaya-solo ",
          "path": "http://kannadasongs.cc/file/download/21.html",
          "type": "online"
        }
      ]
    },
    {
      "id": "2",
      "cover": "https://dl.dropboxusercontent.com/s/z42l5cnuvvox8vv/hindi.jpg?dl=0",
      "title": "Bollywood Hits",
      "artist": "All",
      "genre": "Bollywood",
      "subtitle": "4 items",
      "type": "Folder",
      "children": [
        {
          "id": "118",
          "cover": "https://dl.dropboxusercontent.com/s/xksid0fjeobbdlq/dheeme-dheeme.jpg?dl=0",
          "title": "Dheeme Dheeme",
          "path": "https://dl.dropboxusercontent.com/s/1jvloe34chc5cgb/Dheeme%20Dheeme%20-%20Tony%20Kakkar%20%28DJJOhAL.Com%29.mp3?dl=0",
          "artist": "Tony Kakkar",
          "type": "online"
        },
        {
          "id": "119",
          "cover": "https://dl.dropboxusercontent.com/s/jy7y7j601k1hkjo/Bekhayali.jpg?dl=0",
          "title": "Bekhayali",
          "path": "https://dl.dropboxusercontent.com/s/09j4vox3afuq7zk/Bekhayali.mp3?dl=0",
          "artist": "Arjith Singh",
          "type": "online"
        },
        {
          "id": "120",
          "cover": "https://dl.dropboxusercontent.com/s/kd8e3738m4djlwk/Chale-Aana.jpg?dl=0",
          "title": "Chale Aana",
          "path": "https://dl.dropboxusercontent.com/s/op2qkjebri9m5s3/Chale_Aana.mp3?dl=0",
          "artist": "Armaan Malik",
          "type": "online"
        },
        {
          "id": "91",
          "title": "Vaaste",
          "cover": "https://dl.dropboxusercontent.com/s/8ettjtmojj4m6cu/vaaste.jpg?dl=0",
          "path": "https://dl.dropboxusercontent.com/s/3uhc47ioj3f5dts/Vaaste%20Song%20%28Dhvani%20Bhanushali%29.mp3?dl=0",
          "artist": "Dhvani Bhanushali",
          "type": "online"
        }
      ]
    },
    {
      "id": "4",
      "cover": "https://dl.dropboxusercontent.com/s/t8lsj6lo61qfxir/billboard.jpg?dl=0",
      "title": "International Hits",
      "artist": "All",
      "subtitle": "3 items",
      "genre": "International",
      "type": "Folder",
      "children": [
        {
          "id": "501",
          "cover": "https://dl.dropboxusercontent.com/s/s0z2m243o554yqo/pray-for-me.jpg?dl=0",
          "title": "Pray for me",
          "path": "https://dl.dropboxusercontent.com/s/6nwin3y04ohkep7/the-weeknd-kendrick-lamar-pray-for-me.mp3?dl=0",
          "artist": "Kendrick Lamar, The weekend",
          "type": "online"
        },
        {
          "id": "119",
          "cover": "https://m.media-amazon.com/images/I/71We4fKLaJL._SS500_.jpg",
          "title": "A Thousand Years",
          "path": "https://dl.dropboxusercontent.com/s/ylfa3zbuy5jr57h/Christina%20Perri%20-%20A%20Thousand%20Years%20%5BOfficial%20online%20Video%5D.mp3?dl=0",
          "artist": "Christina Perri",
          "type": "online"
        },
        {
          "id": "120",
          "cover": "https://dl.dropboxusercontent.com/s/2zfvpvztqgm6ja7/counting-stars.jpg?dl=0",
          "title": "Counting Stars",
          "path": "https://dl.dropboxusercontent.com/s/eyww5v209u4ytpc/OneRepublic%20-%20Counting%20Stars.mp3?dl=0",
          "artist": "One Republic",
          "type": "online"
        }
      ]
    }
  ]
}
